<?xml version="1.0" encoding="UTF-8"?>
<objects serializationModel="Studio.01.10.00">
    <object class="Event" id="{2ca1da98-53e7-44be-b2ce-4c63ffccada6}">
        <property name="name">
            <value>cooldown</value>
        </property>
        <property name="outputFormat">
            <value>1</value>
        </property>
        <relationship name="folder">
            <destination>{14f9aab2-da62-4360-82e7-1d17a4e23655}</destination>
        </relationship>
        <relationship name="mixer">
            <destination>{28dcbff9-b5b8-4f7d-a06e-26443a3bb817}</destination>
        </relationship>
        <relationship name="masterTrack">
            <destination>{c270058d-2224-4e0d-b8c7-d0ac350147ae}</destination>
        </relationship>
        <relationship name="mixerInput">
            <destination>{7efcebcb-0031-4dc4-90cd-0bc2fc5dba8f}</destination>
        </relationship>
        <relationship name="automatableProperties">
            <destination>{7e1d13d2-e517-4869-a576-10986c646bc8}</destination>
        </relationship>
        <relationship name="markerTracks">
            <destination>{9e77f879-3092-445b-8e38-b382daf2123f}</destination>
        </relationship>
        <relationship name="groupTracks">
            <destination>{c07e17aa-7bdd-4aa5-825b-c7b0a57bd3e2}</destination>
        </relationship>
        <relationship name="timeline">
            <destination>{763b7dd1-5bde-437c-82d7-6955b770d08c}</destination>
        </relationship>
    </object>
    <object class="EventMixer" id="{28dcbff9-b5b8-4f7d-a06e-26443a3bb817}">
        <relationship name="masterBus">
            <destination>{1daa40df-8420-4c81-b02c-0c3f1414a43b}</destination>
        </relationship>
    </object>
    <object class="MasterTrack" id="{c270058d-2224-4e0d-b8c7-d0ac350147ae}">
        <relationship name="mixerGroup">
            <destination>{1daa40df-8420-4c81-b02c-0c3f1414a43b}</destination>
        </relationship>
    </object>
    <object class="MixerInput" id="{7efcebcb-0031-4dc4-90cd-0bc2fc5dba8f}">
        <relationship name="effectChain">
            <destination>{aa9d0c0c-a17d-4106-ad64-f8200a7be433}</destination>
        </relationship>
        <relationship name="panner">
            <destination>{5d0c3eab-f32d-409a-9040-cd5364baf279}</destination>
        </relationship>
        <relationship name="output">
            <destination>{ce39b9b7-264a-4f58-b6e0-335a827c9d50}</destination>
        </relationship>
    </object>
    <object class="EventAutomatableProperties" id="{7e1d13d2-e517-4869-a576-10986c646bc8}"/>
    <object class="MarkerTrack" id="{9e77f879-3092-445b-8e38-b382daf2123f}"/>
    <object class="GroupTrack" id="{c07e17aa-7bdd-4aa5-825b-c7b0a57bd3e2}">
        <relationship name="modules">
            <destination>{c4c7cec3-e476-43b2-bba2-6dd58fd35bfc}</destination>
        </relationship>
        <relationship name="mixerGroup">
            <destination>{6709f765-2bd9-47f5-b355-4ae7356e10fc}</destination>
        </relationship>
    </object>
    <object class="Timeline" id="{763b7dd1-5bde-437c-82d7-6955b770d08c}">
        <relationship name="modules">
            <destination>{c4c7cec3-e476-43b2-bba2-6dd58fd35bfc}</destination>
        </relationship>
    </object>
    <object class="EventMixerMaster" id="{1daa40df-8420-4c81-b02c-0c3f1414a43b}">
        <relationship name="effectChain">
            <destination>{c4b8ccb4-0a29-489a-b7f9-8630de7d43ed}</destination>
        </relationship>
        <relationship name="panner">
            <destination>{47b0ad73-3d09-4b27-a794-b1dbcce73e4f}</destination>
        </relationship>
        <relationship name="mixer">
            <destination>{28dcbff9-b5b8-4f7d-a06e-26443a3bb817}</destination>
        </relationship>
    </object>
    <object class="MixerBusEffectChain" id="{aa9d0c0c-a17d-4106-ad64-f8200a7be433}">
        <relationship name="effects">
            <destination>{a39ac640-2ce1-4a83-8170-4812487b62ef}</destination>
        </relationship>
    </object>
    <object class="MixerBusPanner" id="{5d0c3eab-f32d-409a-9040-cd5364baf279}"/>
    <object class="SingleSound" id="{c4c7cec3-e476-43b2-bba2-6dd58fd35bfc}">
        <property name="length">
            <value>0.95201814058956913</value>
        </property>
        <relationship name="audioFile">
            <destination>{623cdd80-508a-4ec8-aaed-13eea6b42297}</destination>
        </relationship>
    </object>
    <object class="EventMixerGroup" id="{6709f765-2bd9-47f5-b355-4ae7356e10fc}">
        <property name="name">
            <value>Audio 1</value>
        </property>
        <relationship name="effectChain">
            <destination>{a8dddaa8-d212-4d92-9ed3-be6db43c92e8}</destination>
        </relationship>
        <relationship name="panner">
            <destination>{6e0de53b-96f5-4e01-b13b-35d510abe803}</destination>
        </relationship>
        <relationship name="output">
            <destination>{1daa40df-8420-4c81-b02c-0c3f1414a43b}</destination>
        </relationship>
    </object>
    <object class="MixerBusEffectChain" id="{c4b8ccb4-0a29-489a-b7f9-8630de7d43ed}">
        <relationship name="effects">
            <destination>{a37d51ee-1f3c-4c78-9376-e1c01d67e8eb}</destination>
        </relationship>
    </object>
    <object class="MixerBusPanner" id="{47b0ad73-3d09-4b27-a794-b1dbcce73e4f}"/>
    <object class="MixerBusFader" id="{a39ac640-2ce1-4a83-8170-4812487b62ef}"/>
    <object class="MixerBusEffectChain" id="{a8dddaa8-d212-4d92-9ed3-be6db43c92e8}">
        <relationship name="effects">
            <destination>{807e1cfa-b582-416e-be06-8cdad92b6c7a}</destination>
        </relationship>
    </object>
    <object class="MixerBusPanner" id="{6e0de53b-96f5-4e01-b13b-35d510abe803}"/>
    <object class="MixerBusFader" id="{a37d51ee-1f3c-4c78-9376-e1c01d67e8eb}"/>
    <object class="MixerBusFader" id="{807e1cfa-b582-416e-be06-8cdad92b6c7a}"/>
</objects>
