<?xml version="1.0" encoding="UTF-8"?>
<objects serializationModel="Studio.01.10.00">
    <object class="Event" id="{5e05931c-b9b8-4674-aa06-c51872939ada}">
        <property name="name">
            <value>Death Cound- Join Game.1</value>
        </property>
        <property name="outputFormat">
            <value>1</value>
        </property>
        <relationship name="folder">
            <destination>{c68cc1bd-813d-4586-a24f-4aad91e776d9}</destination>
        </relationship>
        <relationship name="mixer">
            <destination>{4acb1d9e-0569-46a2-baf8-c5b302eb0263}</destination>
        </relationship>
        <relationship name="masterTrack">
            <destination>{a17e9d40-13fe-4ff8-8663-9bd90408d1f4}</destination>
        </relationship>
        <relationship name="mixerInput">
            <destination>{c29efae1-f66f-46fd-b1f6-f9a55aded056}</destination>
        </relationship>
        <relationship name="automatableProperties">
            <destination>{25f90652-1a69-41cd-b0be-b5b17d91ff41}</destination>
        </relationship>
        <relationship name="markerTracks">
            <destination>{b7a1d687-7d56-4429-bba2-c48a277e705d}</destination>
        </relationship>
        <relationship name="groupTracks">
            <destination>{9987ba4d-4a3b-4205-9227-0c8f375cc36f}</destination>
        </relationship>
        <relationship name="timeline">
            <destination>{5e8b47c1-e758-439d-999b-d05ffb6f19a4}</destination>
        </relationship>
    </object>
    <object class="EventMixer" id="{4acb1d9e-0569-46a2-baf8-c5b302eb0263}">
        <relationship name="masterBus">
            <destination>{bc316c14-2dd6-427c-a3ad-8a488389fbed}</destination>
        </relationship>
    </object>
    <object class="MasterTrack" id="{a17e9d40-13fe-4ff8-8663-9bd90408d1f4}">
        <relationship name="mixerGroup">
            <destination>{bc316c14-2dd6-427c-a3ad-8a488389fbed}</destination>
        </relationship>
    </object>
    <object class="MixerInput" id="{c29efae1-f66f-46fd-b1f6-f9a55aded056}">
        <relationship name="effectChain">
            <destination>{66df2c6b-1f31-48cb-bac0-b42dcaeed0be}</destination>
        </relationship>
        <relationship name="panner">
            <destination>{68637575-e20c-4ab3-9aa1-0506a7990763}</destination>
        </relationship>
        <relationship name="output">
            <destination>{ce39b9b7-264a-4f58-b6e0-335a827c9d50}</destination>
        </relationship>
    </object>
    <object class="EventAutomatableProperties" id="{25f90652-1a69-41cd-b0be-b5b17d91ff41}"/>
    <object class="MarkerTrack" id="{b7a1d687-7d56-4429-bba2-c48a277e705d}"/>
    <object class="GroupTrack" id="{9987ba4d-4a3b-4205-9227-0c8f375cc36f}">
        <relationship name="modules">
            <destination>{e7b84f91-888e-475c-b0e2-68aede73a54b}</destination>
        </relationship>
        <relationship name="mixerGroup">
            <destination>{aa9c262a-3486-4066-9b60-513850d20761}</destination>
        </relationship>
    </object>
    <object class="Timeline" id="{5e8b47c1-e758-439d-999b-d05ffb6f19a4}">
        <relationship name="modules">
            <destination>{e7b84f91-888e-475c-b0e2-68aede73a54b}</destination>
        </relationship>
    </object>
    <object class="EventMixerMaster" id="{bc316c14-2dd6-427c-a3ad-8a488389fbed}">
        <relationship name="effectChain">
            <destination>{a2953c7b-526f-4931-a317-2665bde6bf0d}</destination>
        </relationship>
        <relationship name="panner">
            <destination>{ff7da10d-dd66-4ec6-b872-28aec35cb584}</destination>
        </relationship>
        <relationship name="mixer">
            <destination>{4acb1d9e-0569-46a2-baf8-c5b302eb0263}</destination>
        </relationship>
    </object>
    <object class="MixerBusEffectChain" id="{66df2c6b-1f31-48cb-bac0-b42dcaeed0be}">
        <relationship name="effects">
            <destination>{b0040fc0-dec6-45a6-911d-30d3b5a46bb8}</destination>
        </relationship>
    </object>
    <object class="MixerBusPanner" id="{68637575-e20c-4ab3-9aa1-0506a7990763}"/>
    <object class="SingleSound" id="{e7b84f91-888e-475c-b0e2-68aede73a54b}">
        <property name="length">
            <value>1.4996598639455783</value>
        </property>
        <relationship name="audioFile">
            <destination>{bff0c6ce-31f9-4e40-832f-fed03c900d81}</destination>
        </relationship>
    </object>
    <object class="EventMixerGroup" id="{aa9c262a-3486-4066-9b60-513850d20761}">
        <property name="name">
            <value>Audio 1</value>
        </property>
        <relationship name="effectChain">
            <destination>{97038618-c050-4097-a9f2-d299e5ac34ff}</destination>
        </relationship>
        <relationship name="panner">
            <destination>{1f53d09b-0083-4772-b5b0-6a26959e9fcf}</destination>
        </relationship>
        <relationship name="output">
            <destination>{bc316c14-2dd6-427c-a3ad-8a488389fbed}</destination>
        </relationship>
    </object>
    <object class="MixerBusEffectChain" id="{a2953c7b-526f-4931-a317-2665bde6bf0d}">
        <relationship name="effects">
            <destination>{fae277be-986a-4d88-9ecc-16c4e2668258}</destination>
        </relationship>
    </object>
    <object class="MixerBusPanner" id="{ff7da10d-dd66-4ec6-b872-28aec35cb584}"/>
    <object class="MixerBusFader" id="{b0040fc0-dec6-45a6-911d-30d3b5a46bb8}"/>
    <object class="MixerBusEffectChain" id="{97038618-c050-4097-a9f2-d299e5ac34ff}">
        <relationship name="effects">
            <destination>{32a8e763-324b-42ad-b3c9-7b654027968f}</destination>
        </relationship>
    </object>
    <object class="MixerBusPanner" id="{1f53d09b-0083-4772-b5b0-6a26959e9fcf}"/>
    <object class="MixerBusFader" id="{fae277be-986a-4d88-9ecc-16c4e2668258}"/>
    <object class="MixerBusFader" id="{32a8e763-324b-42ad-b3c9-7b654027968f}"/>
</objects>
