<?xml version="1.0" encoding="UTF-8"?>
<objects serializationModel="Studio.01.10.00">
    <object class="Event" id="{88359e33-3210-4646-b61b-d51b16000a74}">
        <property name="name">
            <value>change</value>
        </property>
        <property name="outputFormat">
            <value>1</value>
        </property>
        <relationship name="folder">
            <destination>{51e529e8-df9e-403f-aace-ef9e5404c6cc}</destination>
        </relationship>
        <relationship name="mixer">
            <destination>{7fe29792-3f43-497c-84f8-511e190c7481}</destination>
        </relationship>
        <relationship name="masterTrack">
            <destination>{aefc0716-f5d7-4cb6-b651-80862e70d967}</destination>
        </relationship>
        <relationship name="mixerInput">
            <destination>{ef9a2621-530d-45a2-8821-38e8ebb5a9f8}</destination>
        </relationship>
        <relationship name="automatableProperties">
            <destination>{120209c7-4796-4f6a-868a-d88e6e35553a}</destination>
        </relationship>
        <relationship name="markerTracks">
            <destination>{6d0e11bd-768e-4b94-9d25-e9c39e1f2065}</destination>
        </relationship>
        <relationship name="groupTracks">
            <destination>{b761980a-0355-43e0-83ba-9875c760f2e4}</destination>
        </relationship>
        <relationship name="timeline">
            <destination>{8b59ca1a-e2bc-484b-835c-d991e5654e97}</destination>
        </relationship>
    </object>
    <object class="EventMixer" id="{7fe29792-3f43-497c-84f8-511e190c7481}">
        <relationship name="masterBus">
            <destination>{4bbe968a-c3a0-4e3a-98c2-fbcb04174247}</destination>
        </relationship>
    </object>
    <object class="MasterTrack" id="{aefc0716-f5d7-4cb6-b651-80862e70d967}">
        <relationship name="mixerGroup">
            <destination>{4bbe968a-c3a0-4e3a-98c2-fbcb04174247}</destination>
        </relationship>
    </object>
    <object class="MixerInput" id="{ef9a2621-530d-45a2-8821-38e8ebb5a9f8}">
        <relationship name="effectChain">
            <destination>{7e81e377-e2a3-4144-a100-0078d03dfe97}</destination>
        </relationship>
        <relationship name="panner">
            <destination>{87892b53-1132-407f-b4a3-7c6b31c03990}</destination>
        </relationship>
        <relationship name="output">
            <destination>{ce39b9b7-264a-4f58-b6e0-335a827c9d50}</destination>
        </relationship>
    </object>
    <object class="EventAutomatableProperties" id="{120209c7-4796-4f6a-868a-d88e6e35553a}"/>
    <object class="MarkerTrack" id="{6d0e11bd-768e-4b94-9d25-e9c39e1f2065}"/>
    <object class="GroupTrack" id="{b761980a-0355-43e0-83ba-9875c760f2e4}">
        <relationship name="modules">
            <destination>{563eb722-31b9-4572-a9b1-e6c526c75fb7}</destination>
        </relationship>
        <relationship name="mixerGroup">
            <destination>{e1a9414a-1629-4332-bb21-a63d12e30870}</destination>
        </relationship>
    </object>
    <object class="Timeline" id="{8b59ca1a-e2bc-484b-835c-d991e5654e97}">
        <relationship name="modules">
            <destination>{563eb722-31b9-4572-a9b1-e6c526c75fb7}</destination>
        </relationship>
    </object>
    <object class="EventMixerMaster" id="{4bbe968a-c3a0-4e3a-98c2-fbcb04174247}">
        <relationship name="effectChain">
            <destination>{ea90b2db-90d9-4da1-a423-21df40ee48b3}</destination>
        </relationship>
        <relationship name="panner">
            <destination>{c0a5e8aa-9b3e-468f-aaee-385f425d23d9}</destination>
        </relationship>
        <relationship name="mixer">
            <destination>{7fe29792-3f43-497c-84f8-511e190c7481}</destination>
        </relationship>
    </object>
    <object class="MixerBusEffectChain" id="{7e81e377-e2a3-4144-a100-0078d03dfe97}">
        <relationship name="effects">
            <destination>{05b45d18-a705-42a5-ba70-50272384c4b1}</destination>
        </relationship>
    </object>
    <object class="MixerBusPanner" id="{87892b53-1132-407f-b4a3-7c6b31c03990}"/>
    <object class="SingleSound" id="{563eb722-31b9-4572-a9b1-e6c526c75fb7}">
        <property name="length">
            <value>0.36716553287981857</value>
        </property>
        <relationship name="audioFile">
            <destination>{6d8a6557-1cf5-47d2-a9c4-b90b9061e1b1}</destination>
        </relationship>
    </object>
    <object class="EventMixerGroup" id="{e1a9414a-1629-4332-bb21-a63d12e30870}">
        <property name="name">
            <value>Audio 1</value>
        </property>
        <relationship name="effectChain">
            <destination>{ca7601e5-7983-4b29-bfa9-c939cdf31aa9}</destination>
        </relationship>
        <relationship name="panner">
            <destination>{3069af27-81bb-4c4b-8ce7-f37d9a6f32af}</destination>
        </relationship>
        <relationship name="output">
            <destination>{4bbe968a-c3a0-4e3a-98c2-fbcb04174247}</destination>
        </relationship>
    </object>
    <object class="MixerBusEffectChain" id="{ea90b2db-90d9-4da1-a423-21df40ee48b3}">
        <relationship name="effects">
            <destination>{3cec3747-6245-4de4-b2c4-ec89f713f788}</destination>
        </relationship>
    </object>
    <object class="MixerBusPanner" id="{c0a5e8aa-9b3e-468f-aaee-385f425d23d9}"/>
    <object class="MixerBusFader" id="{05b45d18-a705-42a5-ba70-50272384c4b1}"/>
    <object class="MixerBusEffectChain" id="{ca7601e5-7983-4b29-bfa9-c939cdf31aa9}">
        <relationship name="effects">
            <destination>{a23265a4-d7d5-48a4-b9eb-22be777c6237}</destination>
        </relationship>
    </object>
    <object class="MixerBusPanner" id="{3069af27-81bb-4c4b-8ce7-f37d9a6f32af}"/>
    <object class="MixerBusFader" id="{3cec3747-6245-4de4-b2c4-ec89f713f788}"/>
    <object class="MixerBusFader" id="{a23265a4-d7d5-48a4-b9eb-22be777c6237}"/>
</objects>
