<?xml version="1.0" encoding="UTF-8"?>
<objects serializationModel="Studio.01.10.00">
    <object class="AudioFile" id="{0d2f814a-91b2-43fd-93ac-9a8ff6ac6d95}">
        <property name="assetPath">
            <value>shield_up.wav</value>
        </property>
        <property name="frequencyInKHz">
            <value>44.0999985</value>
        </property>
        <property name="channelCount">
            <value>2</value>
        </property>
        <property name="length">
            <value>0.71401360544217685</value>
        </property>
        <relationship name="masterAssetFolder">
            <destination>{c3b012f5-510e-4e91-ad7d-8c97c36d5050}</destination>
        </relationship>
    </object>
</objects>
