<?xml version="1.0" encoding="UTF-8"?>
<objects serializationModel="Studio.01.10.00">
    <object class="AudioFile" id="{3649128e-3afc-4dd0-ab88-63c5cb12bc35}">
        <property name="assetPath">
            <value>mele_hit.wav</value>
        </property>
        <property name="frequencyInKHz">
            <value>44.0999985</value>
        </property>
        <property name="channelCount">
            <value>2</value>
        </property>
        <property name="length">
            <value>0.64181405895691612</value>
        </property>
        <relationship name="masterAssetFolder">
            <destination>{c3b012f5-510e-4e91-ad7d-8c97c36d5050}</destination>
        </relationship>
    </object>
</objects>
