<?xml version="1.0" encoding="UTF-8"?>
<objects serializationModel="Studio.01.10.00">
    <object class="AudioFile" id="{4b8ba7b9-2e95-4434-aefd-f4128e51b4a5}">
        <property name="assetPath">
            <value>land.wav</value>
        </property>
        <property name="frequencyInKHz">
            <value>44.0999985</value>
        </property>
        <property name="channelCount">
            <value>2</value>
        </property>
        <property name="length">
            <value>0.72852607709750572</value>
        </property>
        <relationship name="masterAssetFolder">
            <destination>{c3b012f5-510e-4e91-ad7d-8c97c36d5050}</destination>
        </relationship>
    </object>
</objects>
