<?xml version="1.0" encoding="UTF-8"?>
<objects serializationModel="Studio.01.10.00">
    <object class="AudioFile" id="{ecc2467e-91a6-4f28-943b-8ad25f4b5252}">
        <property name="assetPath">
            <value>select.wav</value>
        </property>
        <property name="frequencyInKHz">
            <value>44.0999985</value>
        </property>
        <property name="channelCount">
            <value>2</value>
        </property>
        <property name="length">
            <value>0.70240362811791379</value>
        </property>
        <relationship name="masterAssetFolder">
            <destination>{c3b012f5-510e-4e91-ad7d-8c97c36d5050}</destination>
        </relationship>
    </object>
</objects>
