<?xml version="1.0" encoding="UTF-8"?>
<objects serializationModel="Studio.01.10.00">
    <object class="AudioFile" id="{febe2663-7e1b-41ab-8df0-21207241ec8c}">
        <property name="assetPath">
            <value>win_game.wav</value>
        </property>
        <property name="frequencyInKHz">
            <value>44.0999985</value>
        </property>
        <property name="channelCount">
            <value>2</value>
        </property>
        <property name="length">
            <value>0.77496598639455783</value>
        </property>
        <relationship name="masterAssetFolder">
            <destination>{c3b012f5-510e-4e91-ad7d-8c97c36d5050}</destination>
        </relationship>
    </object>
</objects>
