<?xml version="1.0" encoding="UTF-8"?>
<objects serializationModel="Studio.01.10.00">
    <object class="Event" id="{1863a612-91a9-45f1-9ccf-1d3bad514be5}">
        <relationship name="uiLastParameterSelection">
            <destination>{fadfb4e2-f878-4a31-8b84-d4c34ccd8499}</destination>
        </relationship>
    </object>
    <object class="MasterTrack" id="{e1199981-0e07-4419-881c-23319c577afd}"/>
    <object class="MixerInput" id="{8c0af19f-afc0-4819-82d9-5e99e85a4efc}"/>
    <object class="EventAutomatableProperties" id="{fdfaa1dd-7f93-4c57-8c93-0f5f250570eb}"/>
    <object class="MarkerTrack" id="{c475d6f6-a04e-4c27-9053-8dccee5a0275}"/>
    <object class="GroupTrack" id="{c88b98e8-3586-4bf4-ad92-9696cf70589f}"/>
    <object class="Timeline" id="{fadfb4e2-f878-4a31-8b84-d4c34ccd8499}">
        <property name="uiLastRulerScaleRatio">
            <value>0.0010207825123734653</value>
        </property>
    </object>
    <object class="EventMixerMaster" id="{2dbd921b-7337-4f7e-baa2-143e49e015aa}">
        <relationship name="input">
            <destination>{4f2f74af-9b7f-4cca-8cc7-e56947f8a156}</destination>
        </relationship>
    </object>
    <object class="MixerBusEffectChain" id="{6fbd795a-6fb0-4a04-8c0d-1cfad2f0461a}"/>
    <object class="MixerBusPanner" id="{57cf382b-f1b0-4f2e-a3a4-9a701f1ed69c}"/>
    <object class="SingleSound" id="{e3f1cf09-8a64-49f6-b13d-e448470b843f}"/>
    <object class="EventMixerGroup" id="{4f2f74af-9b7f-4cca-8cc7-e56947f8a156}"/>
    <object class="MixerBusEffectChain" id="{8431f8ef-fa98-4d3e-80f9-38d4acc22c1a}"/>
    <object class="MixerBusPanner" id="{46c37b50-3e5c-4fd9-a5fd-be85f129b3bc}"/>
    <object class="MixerBusFader" id="{8d96b978-8d3e-4497-aa63-5bed9b8819a2}"/>
    <object class="MixerBusEffectChain" id="{d67fc099-3732-4d1d-bb4c-09eee1f5f746}"/>
    <object class="MixerBusPanner" id="{2869a669-4064-4bac-bb7d-45fa2a4e1078}"/>
    <object class="MixerBusFader" id="{9fc1efa8-e9be-4b79-871d-2172c0703c38}"/>
    <object class="MixerBusFader" id="{67a0f810-9c1c-4d91-8806-64fac50bcf61}"/>
</objects>
