<?xml version="1.0" encoding="UTF-8"?>
<objects serializationModel="Studio.01.10.00">
    <object class="Event" id="{2430d577-ec7f-4aa6-a571-9fa75739ab78}">
        <relationship name="uiLastParameterSelection">
            <destination>{fec0df3c-134c-46ac-94d4-cc879813a61a}</destination>
        </relationship>
    </object>
    <object class="MasterTrack" id="{9ba3337f-491e-4ccc-b24b-80abf56b13cf}"/>
    <object class="MixerInput" id="{353be1a4-6575-430d-9162-72688ead3334}"/>
    <object class="EventAutomatableProperties" id="{9390ea81-90e1-472c-b71b-21f09601dc35}"/>
    <object class="MarkerTrack" id="{445748fd-afd7-4d70-ad6f-56db92e84fc6}"/>
    <object class="GroupTrack" id="{d73656a1-e0e8-4393-b8c2-73a21eca920a}"/>
    <object class="Timeline" id="{fec0df3c-134c-46ac-94d4-cc879813a61a}">
        <property name="uiLastRulerScaleRatio">
            <value>0.00055104188721045468</value>
        </property>
    </object>
    <object class="EventMixerMaster" id="{fbe9f402-3f24-4c65-adf1-a0b053c6320a}">
        <relationship name="input">
            <destination>{4268ba27-5be1-4394-8685-b61ccef3b7ca}</destination>
        </relationship>
    </object>
    <object class="MixerBusEffectChain" id="{da36ec7b-3018-431e-a628-4c4e44d2275e}"/>
    <object class="MixerBusPanner" id="{78e4b5b0-f847-425f-a359-075c516953a8}"/>
    <object class="SingleSound" id="{32ee5463-32d5-4814-823a-4fa4b5dd8951}"/>
    <object class="EventMixerGroup" id="{4268ba27-5be1-4394-8685-b61ccef3b7ca}"/>
    <object class="MixerBusEffectChain" id="{85e272cc-7605-4bcf-bff2-002a78181caf}"/>
    <object class="MixerBusPanner" id="{43f21114-52f4-4b74-a9f5-81dd08372b59}"/>
    <object class="MixerBusFader" id="{9ff76c6c-697c-4009-9edf-73ea53f3b325}"/>
    <object class="MixerBusEffectChain" id="{165e44b5-f1f5-46f0-9f64-9afc4ae82221}"/>
    <object class="MixerBusPanner" id="{309462a6-295e-4246-8294-bdca1ec487ad}"/>
    <object class="MixerBusFader" id="{bf1a4e98-285f-49dc-898d-0d8cfe7f2de5}"/>
    <object class="MixerBusFader" id="{d7cb93d1-506a-4f56-bbc8-ba323cbaecd8}"/>
</objects>
