<?xml version="1.0" encoding="UTF-8"?>
<objects serializationModel="Studio.01.10.00">
    <object class="Event" id="{2ca1da98-53e7-44be-b2ce-4c63ffccada6}">
        <relationship name="uiLastParameterSelection">
            <destination>{763b7dd1-5bde-437c-82d7-6955b770d08c}</destination>
        </relationship>
    </object>
    <object class="MasterTrack" id="{c270058d-2224-4e0d-b8c7-d0ac350147ae}"/>
    <object class="MixerInput" id="{7efcebcb-0031-4dc4-90cd-0bc2fc5dba8f}"/>
    <object class="EventAutomatableProperties" id="{7e1d13d2-e517-4869-a576-10986c646bc8}"/>
    <object class="MarkerTrack" id="{9e77f879-3092-445b-8e38-b382daf2123f}"/>
    <object class="GroupTrack" id="{c07e17aa-7bdd-4aa5-825b-c7b0a57bd3e2}"/>
    <object class="Timeline" id="{763b7dd1-5bde-437c-82d7-6955b770d08c}">
        <property name="uiLastRulerScaleRatio">
            <value>0.00055104188721045468</value>
        </property>
    </object>
    <object class="EventMixerMaster" id="{1daa40df-8420-4c81-b02c-0c3f1414a43b}">
        <relationship name="input">
            <destination>{6709f765-2bd9-47f5-b355-4ae7356e10fc}</destination>
        </relationship>
    </object>
    <object class="MixerBusEffectChain" id="{aa9d0c0c-a17d-4106-ad64-f8200a7be433}"/>
    <object class="MixerBusPanner" id="{5d0c3eab-f32d-409a-9040-cd5364baf279}"/>
    <object class="SingleSound" id="{c4c7cec3-e476-43b2-bba2-6dd58fd35bfc}"/>
    <object class="EventMixerGroup" id="{6709f765-2bd9-47f5-b355-4ae7356e10fc}"/>
    <object class="MixerBusEffectChain" id="{c4b8ccb4-0a29-489a-b7f9-8630de7d43ed}"/>
    <object class="MixerBusPanner" id="{47b0ad73-3d09-4b27-a794-b1dbcce73e4f}"/>
    <object class="MixerBusFader" id="{a39ac640-2ce1-4a83-8170-4812487b62ef}"/>
    <object class="MixerBusEffectChain" id="{a8dddaa8-d212-4d92-9ed3-be6db43c92e8}"/>
    <object class="MixerBusPanner" id="{6e0de53b-96f5-4e01-b13b-35d510abe803}"/>
    <object class="MixerBusFader" id="{a37d51ee-1f3c-4c78-9376-e1c01d67e8eb}"/>
    <object class="MixerBusFader" id="{807e1cfa-b582-416e-be06-8cdad92b6c7a}"/>
</objects>
