<?xml version="1.0" encoding="UTF-8"?>
<objects serializationModel="Studio.01.10.00">
    <object class="Event" id="{39c7e0e4-49d5-4b2c-a8f1-165d627283b1}">
        <relationship name="uiLastParameterSelection">
            <destination>{1db88654-8b99-46f5-9c32-a393287ce959}</destination>
        </relationship>
    </object>
    <object class="MasterTrack" id="{e558ce40-f6d9-4b76-acdd-80cfa71552ec}"/>
    <object class="MixerInput" id="{008702ba-980b-4437-81ed-6ff608c456cf}"/>
    <object class="EventAutomatableProperties" id="{46f26800-cc16-42bd-a596-6ff4ec47937a}"/>
    <object class="MarkerTrack" id="{0beb1609-3615-41ea-bdea-ea72aa482029}"/>
    <object class="GroupTrack" id="{1f213292-6280-415a-9075-3a26ddcaa27b}"/>
    <object class="Timeline" id="{1db88654-8b99-46f5-9c32-a393287ce959}">
        <property name="uiLastRulerScaleRatio">
            <value>0.00066847704350120731</value>
        </property>
    </object>
    <object class="EventMixerMaster" id="{a640b433-8800-46fb-81ba-b7547d6d378c}">
        <relationship name="input">
            <destination>{96581884-d95d-493b-924d-b90ac145cf1e}</destination>
        </relationship>
    </object>
    <object class="MixerBusEffectChain" id="{368743f8-d208-4f8a-afbe-f59d080c5b16}"/>
    <object class="MixerBusPanner" id="{9dc513d2-2335-4f72-8ae2-b6d0a5f3ad52}"/>
    <object class="SingleSound" id="{6dee136e-2827-4789-ba56-0894d806d7f3}"/>
    <object class="EventMixerGroup" id="{96581884-d95d-493b-924d-b90ac145cf1e}"/>
    <object class="MixerBusEffectChain" id="{34d42f3a-0979-4186-8932-503248307434}"/>
    <object class="MixerBusPanner" id="{8a30acb7-67fa-4f4d-a88e-481e60dd401f}"/>
    <object class="MixerBusFader" id="{c4f785d9-bed8-4f82-a4ec-8c62161f055a}"/>
    <object class="MixerBusEffectChain" id="{f6df9784-5381-4613-bd45-20ecccc593f3}"/>
    <object class="MixerBusPanner" id="{768799f2-d3c0-483d-8fd8-05a3c4338129}"/>
    <object class="MixerBusFader" id="{65d80d59-c415-434c-8382-ffc435cd580b}"/>
    <object class="MixerBusFader" id="{188697ab-7cd9-4a1b-bae4-9aa3aaba84aa}"/>
</objects>
