<?xml version="1.0" encoding="UTF-8"?>
<objects serializationModel="Studio.01.10.00">
    <object class="Event" id="{4279ae9b-a9ed-462d-ba65-3ee6a2a3674b}">
        <relationship name="uiLastParameterSelection">
            <destination>{348ecbb1-835c-4219-9279-f4a8e1df668c}</destination>
        </relationship>
    </object>
    <object class="MasterTrack" id="{0113877c-263c-40b9-8b9e-68a879b1f09c}"/>
    <object class="MixerInput" id="{4ad9b1ec-931a-4d52-aa07-88939e74f55d}"/>
    <object class="EventAutomatableProperties" id="{5192fee4-3b98-425e-be7b-2215632693c5}"/>
    <object class="MarkerTrack" id="{d8e24644-5039-472e-93b5-542d8a5557f4}"/>
    <object class="GroupTrack" id="{b8697c54-3439-4874-bfba-57c9bd6916c9}"/>
    <object class="Timeline" id="{348ecbb1-835c-4219-9279-f4a8e1df668c}">
        <property name="uiLastRulerScaleRatio">
            <value>0.00054426678203983443</value>
        </property>
    </object>
    <object class="EventMixerMaster" id="{74ab1296-0d55-45d7-9236-41bfe8fdc9a9}">
        <relationship name="input">
            <destination>{2ff41ecd-61df-4899-8914-0f35e3268dda}</destination>
        </relationship>
    </object>
    <object class="MixerBusEffectChain" id="{abb30015-321a-4d2e-a594-be0529614c26}"/>
    <object class="MixerBusPanner" id="{c37cee89-5e74-4e5f-bb4d-e525fe013034}"/>
    <object class="SingleSound" id="{a2f2fada-f92b-45bb-8f09-9017cb02e284}"/>
    <object class="EventMixerGroup" id="{2ff41ecd-61df-4899-8914-0f35e3268dda}"/>
    <object class="MixerBusEffectChain" id="{0ce48746-a192-47cc-aefd-68a80109b273}"/>
    <object class="MixerBusPanner" id="{fb1f3e7b-b460-42ae-b3dd-3e7aae8769f5}"/>
    <object class="MixerBusFader" id="{5a91348b-f319-4764-9483-374e14a30949}"/>
    <object class="MixerBusEffectChain" id="{d3654933-75bd-4cae-8135-2457f3633cca}"/>
    <object class="MixerBusPanner" id="{c4f36838-6694-4604-889d-d6f899c2d71d}"/>
    <object class="MixerBusFader" id="{6deddbef-ef91-41aa-877f-e1fea05a43e1}"/>
    <object class="MixerBusFader" id="{a297fbdc-3d7c-430b-896f-9ca6723b9fdb}"/>
</objects>
