<?xml version="1.0" encoding="UTF-8"?>
<objects serializationModel="Studio.01.10.00">
    <object class="Event" id="{5e05931c-b9b8-4674-aa06-c51872939ada}">
        <relationship name="uiLastParameterSelection">
            <destination>{5e8b47c1-e758-439d-999b-d05ffb6f19a4}</destination>
        </relationship>
    </object>
    <object class="MasterTrack" id="{a17e9d40-13fe-4ff8-8663-9bd90408d1f4}"/>
    <object class="MixerInput" id="{c29efae1-f66f-46fd-b1f6-f9a55aded056}"/>
    <object class="EventAutomatableProperties" id="{25f90652-1a69-41cd-b0be-b5b17d91ff41}"/>
    <object class="MarkerTrack" id="{b7a1d687-7d56-4429-bba2-c48a277e705d}"/>
    <object class="GroupTrack" id="{9987ba4d-4a3b-4205-9227-0c8f375cc36f}"/>
    <object class="Timeline" id="{5e8b47c1-e758-439d-999b-d05ffb6f19a4}">
        <property name="uiLastRulerScaleRatio">
            <value>0.002333706148223836</value>
        </property>
    </object>
    <object class="EventMixerMaster" id="{bc316c14-2dd6-427c-a3ad-8a488389fbed}">
        <relationship name="input">
            <destination>{aa9c262a-3486-4066-9b60-513850d20761}</destination>
        </relationship>
    </object>
    <object class="MixerBusEffectChain" id="{66df2c6b-1f31-48cb-bac0-b42dcaeed0be}"/>
    <object class="MixerBusPanner" id="{68637575-e20c-4ab3-9aa1-0506a7990763}"/>
    <object class="SingleSound" id="{e7b84f91-888e-475c-b0e2-68aede73a54b}"/>
    <object class="EventMixerGroup" id="{aa9c262a-3486-4066-9b60-513850d20761}"/>
    <object class="MixerBusEffectChain" id="{a2953c7b-526f-4931-a317-2665bde6bf0d}"/>
    <object class="MixerBusPanner" id="{ff7da10d-dd66-4ec6-b872-28aec35cb584}"/>
    <object class="MixerBusFader" id="{b0040fc0-dec6-45a6-911d-30d3b5a46bb8}"/>
    <object class="MixerBusEffectChain" id="{97038618-c050-4097-a9f2-d299e5ac34ff}"/>
    <object class="MixerBusPanner" id="{1f53d09b-0083-4772-b5b0-6a26959e9fcf}"/>
    <object class="MixerBusFader" id="{fae277be-986a-4d88-9ecc-16c4e2668258}"/>
    <object class="MixerBusFader" id="{32a8e763-324b-42ad-b3c9-7b654027968f}"/>
</objects>
