<?xml version="1.0" encoding="UTF-8"?>
<objects serializationModel="Studio.01.10.00">
    <object class="Event" id="{6d4479dc-e8b1-4198-9f82-fccb618a828e}">
        <relationship name="uiLastParameterSelection">
            <destination>{cfbe4f98-86c4-4dfe-af6a-6664c1c8ee65}</destination>
        </relationship>
    </object>
    <object class="MasterTrack" id="{4486b07a-87e0-4db5-8d15-de3f9a30d774}"/>
    <object class="MixerInput" id="{12469b26-218e-481b-8a08-f5219cbe4fc6}"/>
    <object class="EventAutomatableProperties" id="{50ad7c08-bf9e-45d2-996b-369cb01c5c8e}"/>
    <object class="MarkerTrack" id="{7272ac89-7e9e-46f2-b79d-d9bd1947adb0}"/>
    <object class="GroupTrack" id="{09cea45c-6d6e-4cbb-bc06-87827cdb94a3}"/>
    <object class="Timeline" id="{cfbe4f98-86c4-4dfe-af6a-6664c1c8ee65}">
        <property name="uiLastRulerScaleRatio">
            <value>0.0059620925501459032</value>
        </property>
    </object>
    <object class="EventMixerMaster" id="{f5741267-5a19-4bd4-a5d0-cf113009859d}">
        <relationship name="input">
            <destination>{224ff740-0894-43e8-b467-b8718de88d26}</destination>
        </relationship>
    </object>
    <object class="MixerBusEffectChain" id="{824e0588-0428-4e3b-98da-4e87bffd8472}"/>
    <object class="MixerBusPanner" id="{d0266491-c767-4ffd-9ddf-c3b0d7bb76f0}"/>
    <object class="SingleSound" id="{73ff326a-3909-43a3-a782-7c90a6224286}"/>
    <object class="EventMixerGroup" id="{224ff740-0894-43e8-b467-b8718de88d26}"/>
    <object class="MixerBusEffectChain" id="{0ef5de11-5947-4b94-a3b0-321cdfd490a4}"/>
    <object class="MixerBusPanner" id="{2176d004-0d5a-4579-866a-081fd036b254}"/>
    <object class="MixerBusFader" id="{aef7b29b-7892-4a5f-a92f-7b67bdd2a98c}"/>
    <object class="MixerBusEffectChain" id="{0886e59f-fd8b-4d3e-a85b-24df9fd2b3ad}"/>
    <object class="MixerBusPanner" id="{e2321716-2ec1-4ec7-9548-f411a0cdd197}"/>
    <object class="MixerBusFader" id="{e58d608b-3283-4d63-bd41-72d9c69a2e01}"/>
    <object class="MixerBusFader" id="{48a57c5e-efbf-4d43-935a-100f8a5ea77f}"/>
</objects>
