<?xml version="1.0" encoding="UTF-8"?>
<objects serializationModel="Studio.01.10.00">
    <object class="Event" id="{75f72ff1-df87-49a5-b8a9-687b2e5bfd35}">
        <relationship name="selectables">
            <destination>{f2d1a79a-15d0-4967-921f-b3176f6b8694}</destination>
        </relationship>
        <relationship name="uiLastParameterSelection">
            <destination>{5339bba9-9de8-4daf-9aa7-247dcd0d5d15}</destination>
        </relationship>
    </object>
    <object class="MasterTrack" id="{7f5f656a-c4df-4c41-8507-2aced9aa7812}"/>
    <object class="MixerInput" id="{88f67213-dfad-402e-85e9-f15f2379b110}"/>
    <object class="EventAutomatableProperties" id="{b2680b7b-3adc-45ab-bab2-664f9bd769ee}"/>
    <object class="MarkerTrack" id="{8465e828-ce2e-43ae-84a9-73199d48f3d1}"/>
    <object class="GroupTrack" id="{c4dceffd-325a-40b1-bbd2-e279a7db9d45}"/>
    <object class="Timeline" id="{5339bba9-9de8-4daf-9aa7-247dcd0d5d15}">
        <property name="uiLastRulerScaleRatio">
            <value>0.00066847704350120731</value>
        </property>
    </object>
    <object class="EventMixerMaster" id="{ea04c900-f454-416f-a426-b51a2bfe6d01}">
        <relationship name="input">
            <destination>{8cc9a7b5-2bfe-4dbc-9cd1-616cbfdbe875}</destination>
        </relationship>
    </object>
    <object class="MixerBusEffectChain" id="{bb677922-869c-44f7-a48f-934dcee7d751}"/>
    <object class="MixerBusPanner" id="{7fd87ab9-0f7f-4d8f-b31e-7a2bd8823848}"/>
    <object class="SingleSound" id="{f2d1a79a-15d0-4967-921f-b3176f6b8694}"/>
    <object class="EventMixerGroup" id="{8cc9a7b5-2bfe-4dbc-9cd1-616cbfdbe875}"/>
    <object class="MixerBusEffectChain" id="{de8d7d88-d052-40f5-849c-af892354237d}"/>
    <object class="MixerBusPanner" id="{4e016925-b290-4b3d-ab6a-2a75e4ca7bf7}"/>
    <object class="MixerBusFader" id="{bb954ca4-504d-4aa3-bb1a-49a729ebcf86}"/>
    <object class="MixerBusEffectChain" id="{259e7e9b-3d30-4ff6-9807-94a9f651af25}"/>
    <object class="MixerBusPanner" id="{7b6e3e47-d0b3-41c9-99e6-6eb18234cf10}"/>
    <object class="MixerBusFader" id="{af6bc9c9-0bc8-4457-b1c5-a0ba319e38d8}"/>
    <object class="MixerBusFader" id="{86e60457-4f0e-45ba-a75a-24ad82904ab9}"/>
</objects>
