<?xml version="1.0" encoding="UTF-8"?>
<objects serializationModel="Studio.01.10.00">
    <object class="Event" id="{79114cfe-3cda-4123-9b04-d6e24e9e250a}">
        <relationship name="uiLastParameterSelection">
            <destination>{2b0c6fa5-2a7f-4895-aabd-6ec42f361be0}</destination>
        </relationship>
    </object>
    <object class="MasterTrack" id="{029a4dfa-85f1-4aad-ba06-054f8f4c0719}"/>
    <object class="MixerInput" id="{ac69e826-695e-467d-beef-4d508582dd4f}"/>
    <object class="EventAutomatableProperties" id="{cb98f987-524c-44b1-af2d-edcca3f3d403}"/>
    <object class="MarkerTrack" id="{ed496af7-995f-42f7-b095-b00a632e4f7e}"/>
    <object class="GroupTrack" id="{f5ecd88f-ac97-4951-a01d-7aefdfc98c20}"/>
    <object class="Timeline" id="{2b0c6fa5-2a7f-4895-aabd-6ec42f361be0}">
        <property name="uiLastRulerScaleRatio">
            <value>0.0058706286303425292</value>
        </property>
    </object>
    <object class="EventMixerMaster" id="{1e267c8c-fe4c-4d30-b5f4-daf4068575d3}">
        <relationship name="input">
            <destination>{f404aebd-66b8-4f52-83b8-6db07fd18288}</destination>
        </relationship>
    </object>
    <object class="MixerBusEffectChain" id="{91e7b03b-e7f1-4038-91c9-c7305d82d581}"/>
    <object class="MixerBusPanner" id="{2fa43051-1b9a-422f-abcf-bd2d0cfa1d52}"/>
    <object class="SingleSound" id="{a41cf2e6-7bbb-4135-8bd6-c104d5f00927}"/>
    <object class="EventMixerGroup" id="{f404aebd-66b8-4f52-83b8-6db07fd18288}"/>
    <object class="MixerBusEffectChain" id="{c3e684ce-2bc6-4f43-92fd-524db751cea6}"/>
    <object class="MixerBusPanner" id="{a07b02a8-56e2-4701-85c4-116d2cd369bb}"/>
    <object class="MixerBusFader" id="{54ae1ddb-2b6c-43f4-8cf2-8a53d498e69b}"/>
    <object class="MixerBusEffectChain" id="{5fb20046-c03e-4132-9b75-37fcbf7a7470}"/>
    <object class="MixerBusPanner" id="{adc54759-baa8-4747-b99b-696715f41c3e}"/>
    <object class="MixerBusFader" id="{7de87662-aad9-40c0-b148-47b6fb526271}"/>
    <object class="MixerBusFader" id="{2f95a9e9-78a9-4002-b587-e4339fd30e4a}"/>
</objects>
