<?xml version="1.0" encoding="UTF-8"?>
<objects serializationModel="Studio.01.10.00">
    <object class="Event" id="{88359e33-3210-4646-b61b-d51b16000a74}">
        <relationship name="uiLastParameterSelection">
            <destination>{8b59ca1a-e2bc-484b-835c-d991e5654e97}</destination>
        </relationship>
    </object>
    <object class="MasterTrack" id="{aefc0716-f5d7-4cb6-b651-80862e70d967}"/>
    <object class="MixerInput" id="{ef9a2621-530d-45a2-8821-38e8ebb5a9f8}"/>
    <object class="EventAutomatableProperties" id="{120209c7-4796-4f6a-868a-d88e6e35553a}"/>
    <object class="MarkerTrack" id="{6d0e11bd-768e-4b94-9d25-e9c39e1f2065}"/>
    <object class="GroupTrack" id="{b761980a-0355-43e0-83ba-9875c760f2e4}"/>
    <object class="Timeline" id="{8b59ca1a-e2bc-484b-835c-d991e5654e97}">
        <property name="uiLastRulerScaleRatio">
            <value>0.00057136720272231575</value>
        </property>
    </object>
    <object class="EventMixerMaster" id="{4bbe968a-c3a0-4e3a-98c2-fbcb04174247}">
        <relationship name="input">
            <destination>{e1a9414a-1629-4332-bb21-a63d12e30870}</destination>
        </relationship>
    </object>
    <object class="MixerBusEffectChain" id="{7e81e377-e2a3-4144-a100-0078d03dfe97}"/>
    <object class="MixerBusPanner" id="{87892b53-1132-407f-b4a3-7c6b31c03990}"/>
    <object class="SingleSound" id="{563eb722-31b9-4572-a9b1-e6c526c75fb7}"/>
    <object class="EventMixerGroup" id="{e1a9414a-1629-4332-bb21-a63d12e30870}"/>
    <object class="MixerBusEffectChain" id="{ea90b2db-90d9-4da1-a423-21df40ee48b3}"/>
    <object class="MixerBusPanner" id="{c0a5e8aa-9b3e-468f-aaee-385f425d23d9}"/>
    <object class="MixerBusFader" id="{05b45d18-a705-42a5-ba70-50272384c4b1}"/>
    <object class="MixerBusEffectChain" id="{ca7601e5-7983-4b29-bfa9-c939cdf31aa9}"/>
    <object class="MixerBusPanner" id="{3069af27-81bb-4c4b-8ce7-f37d9a6f32af}"/>
    <object class="MixerBusFader" id="{3cec3747-6245-4de4-b2c4-ec89f713f788}"/>
    <object class="MixerBusFader" id="{a23265a4-d7d5-48a4-b9eb-22be777c6237}"/>
</objects>
