<?xml version="1.0" encoding="UTF-8"?>
<objects serializationModel="Studio.01.10.00">
    <object class="Event" id="{8cb4817d-2534-4eb0-b13d-d54fed369e8c}">
        <relationship name="uiLastParameterSelection">
            <destination>{40d16e47-90e9-4061-b64d-59d9e6ccf3eb}</destination>
        </relationship>
    </object>
    <object class="MasterTrack" id="{d4ec0669-1b88-423c-a45d-01005f819ad1}"/>
    <object class="MixerInput" id="{cac3ae8c-b3cc-4893-8194-9cbd5c8cd720}"/>
    <object class="EventAutomatableProperties" id="{b01c255d-54e7-46ab-8433-33c2be50a762}"/>
    <object class="MarkerTrack" id="{23a0c3d9-c5dd-4a12-9e0f-1b5e5fe8939e}"/>
    <object class="GroupTrack" id="{9048e0d9-085f-4f4d-8430-ba99937e69a4}"/>
    <object class="Timeline" id="{40d16e47-90e9-4061-b64d-59d9e6ccf3eb}">
        <property name="uiLastRulerScaleRatio">
            <value>0.00055104188721045468</value>
        </property>
    </object>
    <object class="EventMixerMaster" id="{6d9ede18-1d91-49bd-9041-0bbebdad8b23}">
        <relationship name="input">
            <destination>{a332c286-2444-4ecd-9dd7-3425cbc3d9e7}</destination>
        </relationship>
    </object>
    <object class="MixerBusEffectChain" id="{75228d5f-7b1b-41e6-a34b-873da47256a6}"/>
    <object class="MixerBusPanner" id="{b1ac5605-918b-483f-96a0-b709a61bec12}"/>
    <object class="SingleSound" id="{99957db7-0efc-41f8-91f9-e3e12c19995f}"/>
    <object class="EventMixerGroup" id="{a332c286-2444-4ecd-9dd7-3425cbc3d9e7}"/>
    <object class="MixerBusEffectChain" id="{f6392095-babf-4f85-ac1f-2e353f8a9e60}"/>
    <object class="MixerBusPanner" id="{ffb5f868-92a8-4638-94f6-bbce58f04114}"/>
    <object class="MixerBusFader" id="{7a3e54de-553c-42f8-ae3f-25cb96d4b4f8}"/>
    <object class="MixerBusEffectChain" id="{0dfed98f-2016-4fa1-a22e-4fb62b91ce38}"/>
    <object class="MixerBusPanner" id="{5004bf0e-3156-4f07-8ed0-8bb263e129af}"/>
    <object class="MixerBusFader" id="{fdd990c2-4331-4e30-ab6a-eea269234a83}"/>
    <object class="MixerBusFader" id="{dc6d9214-3db1-4011-9ded-80f702806d6a}"/>
</objects>
