<?xml version="1.0" encoding="UTF-8"?>
<objects serializationModel="Studio.01.10.00">
    <object class="Event" id="{9eba847b-b967-4486-a35a-b9b36cf840ab}">
        <relationship name="selectables">
            <destination>{72ad6406-b2f5-4318-acf6-5159a9e7f735}</destination>
        </relationship>
        <relationship name="uiLastParameterSelection">
            <destination>{f9b94bcf-3d25-414f-8130-c9ee9635dcbb}</destination>
        </relationship>
    </object>
    <object class="MasterTrack" id="{8a989a72-5942-42d4-b74f-556c6f095d74}"/>
    <object class="MixerInput" id="{c4cda29a-fa81-4147-a5c7-8de49649c19b}"/>
    <object class="EventAutomatableProperties" id="{5f60314f-16a2-45f9-a2a3-be90dfb11dc1}"/>
    <object class="MarkerTrack" id="{0e93667d-59b0-4c64-8d5e-b585a58e4a93}"/>
    <object class="GroupTrack" id="{a2cc7576-67a0-4b13-8deb-027bf4ee8464}"/>
    <object class="Timeline" id="{f9b94bcf-3d25-414f-8130-c9ee9635dcbb}">
        <property name="uiLastRulerScaleRatio">
            <value>0.0028771613291234395</value>
        </property>
    </object>
    <object class="EventMixerMaster" id="{9ab3aed6-c9bf-4733-8671-2ed36de1897c}">
        <relationship name="input">
            <destination>{a86ae61f-1a66-4b58-b92b-da1b1419a5e6}</destination>
        </relationship>
    </object>
    <object class="MixerBusEffectChain" id="{6027682c-2290-452c-9865-9b022ef43b37}"/>
    <object class="MixerBusPanner" id="{95a02994-5c86-4a5a-8581-12f56a46b97d}"/>
    <object class="SingleSound" id="{72ad6406-b2f5-4318-acf6-5159a9e7f735}"/>
    <object class="EventMixerGroup" id="{a86ae61f-1a66-4b58-b92b-da1b1419a5e6}"/>
    <object class="MixerBusEffectChain" id="{0b11b699-8af8-49e9-b672-0d236407e056}"/>
    <object class="MixerBusPanner" id="{84017a04-9c48-46eb-a3ea-a5ea3383d1c9}"/>
    <object class="MixerBusFader" id="{8b97a3c5-b31d-4325-a92e-67bfda5aff85}"/>
    <object class="MixerBusEffectChain" id="{cdb2f2d1-f9d0-4cdb-9adf-a6df84bba8ba}"/>
    <object class="MixerBusPanner" id="{65d7a6ea-688b-4c20-a7c1-6f8630b767dc}"/>
    <object class="MixerBusFader" id="{fbd28b26-3726-4784-995b-3b548b41ce63}"/>
    <object class="MixerBusFader" id="{3527b7ac-2451-4daa-ab87-ae049e1f7bd3}"/>
</objects>
