<?xml version="1.0" encoding="UTF-8"?>
<objects serializationModel="Studio.01.10.00">
    <object class="Event" id="{a642ac0e-b2e6-46c5-a192-38d7ab278387}">
        <relationship name="uiLastParameterSelection">
            <destination>{de01ad80-462e-4b3d-8ab9-fa9fe05ad8f2}</destination>
        </relationship>
    </object>
    <object class="MasterTrack" id="{f1ad7631-b8ce-40c4-b29f-c058efdc6ff2}"/>
    <object class="MixerInput" id="{1ac89a67-5e49-464b-989d-46f648122712}"/>
    <object class="EventAutomatableProperties" id="{78f4f39e-ec65-4a54-9848-3baaf16a7281}"/>
    <object class="MarkerTrack" id="{3afd5d7c-ddb6-4dce-aa47-a1b095c3640f}"/>
    <object class="GroupTrack" id="{6539e870-8859-40d9-b4ae-5d50659ead45}"/>
    <object class="Timeline" id="{de01ad80-462e-4b3d-8ab9-fa9fe05ad8f2}">
        <property name="uiLastRulerScaleRatio">
            <value>0.00054426678203983443</value>
        </property>
    </object>
    <object class="EventMixerMaster" id="{e202fa86-c1db-4506-ad3f-41d7afacbd69}">
        <relationship name="input">
            <destination>{5c8a762d-9ac7-4c2f-a3d3-7addd9d4478f}</destination>
        </relationship>
    </object>
    <object class="MixerBusEffectChain" id="{e922a3a7-9247-40d3-8eb3-ce1c373f700d}"/>
    <object class="MixerBusPanner" id="{be3531e9-c285-4831-aa96-bcadd8b2ff97}"/>
    <object class="SingleSound" id="{bce8338a-5876-4baa-b499-555cf7a62921}"/>
    <object class="EventMixerGroup" id="{5c8a762d-9ac7-4c2f-a3d3-7addd9d4478f}"/>
    <object class="MixerBusEffectChain" id="{352f468c-ff4c-4b21-a4e7-e3ffea6cff19}"/>
    <object class="MixerBusPanner" id="{e5390f97-19a5-4ccc-9f75-ceaf2e20adff}"/>
    <object class="MixerBusFader" id="{95d8a63d-99d6-4637-b66d-1bb931e464e7}"/>
    <object class="MixerBusEffectChain" id="{6cb8655c-56bf-48fa-b28c-23fe49c32e10}"/>
    <object class="MixerBusPanner" id="{09e30039-4f12-4665-b229-ef607f7fcb11}"/>
    <object class="MixerBusFader" id="{39b30941-6cbe-4d4b-9210-f1c92b26d1d9}"/>
    <object class="MixerBusFader" id="{5a701c6d-6ae1-49cb-a8fc-bd4d81704415}"/>
</objects>
