<?xml version="1.0" encoding="UTF-8"?>
<objects serializationModel="Studio.01.10.00">
    <object class="Event" id="{ce1305a1-5dcd-41cb-9c21-bdc906e23659}">
        <relationship name="selectables">
            <destination>{058a851d-5edd-41ad-bd7f-4df25a9e0ff9}</destination>
        </relationship>
        <relationship name="uiLastParameterSelection">
            <destination>{9b290375-3f77-4dcc-bcf0-03f78304f67f}</destination>
        </relationship>
    </object>
    <object class="MasterTrack" id="{9fc698f3-ddb2-4fc4-b4a9-eb2be5ae36e2}"/>
    <object class="MixerInput" id="{bdd527b8-9b36-4c6f-8d0a-12a44a00efd9}"/>
    <object class="EventAutomatableProperties" id="{2fd00015-1b66-4b3f-80a6-e00af3bf7b3c}"/>
    <object class="MarkerTrack" id="{587f4ce0-9074-4075-bd43-aa213182db3b}"/>
    <object class="GroupTrack" id="{295a9e31-68bb-46ca-8c9d-9a5e70ec1325}"/>
    <object class="Timeline" id="{9b290375-3f77-4dcc-bcf0-03f78304f67f}">
        <property name="uiLastRulerScaleRatio">
            <value>0.00055104188721045468</value>
        </property>
    </object>
    <object class="EventMixerMaster" id="{ee74ecdf-9410-405d-9145-d87a7481de94}">
        <relationship name="input">
            <destination>{29d1e250-b578-4d71-9ad3-c46b01024058}</destination>
        </relationship>
    </object>
    <object class="MixerBusEffectChain" id="{d082ab9e-d832-4d49-9f3f-f01b9c853998}"/>
    <object class="MixerBusPanner" id="{e9540665-8e6a-407b-b182-ecd1769f91e3}"/>
    <object class="SingleSound" id="{058a851d-5edd-41ad-bd7f-4df25a9e0ff9}"/>
    <object class="EventMixerGroup" id="{29d1e250-b578-4d71-9ad3-c46b01024058}"/>
    <object class="MixerBusEffectChain" id="{ad06126d-714d-4a18-b46e-715ddee7229f}"/>
    <object class="MixerBusPanner" id="{de2ee6e2-96c4-455d-89c3-40e6acced388}"/>
    <object class="MixerBusFader" id="{4eef2b26-01fb-49b9-994d-06bb2063095a}"/>
    <object class="MixerBusEffectChain" id="{7ee8405c-f36c-4a84-8d80-fb168157d4d2}"/>
    <object class="MixerBusPanner" id="{04485ab9-2d7f-4fda-8861-e55e2fbe68c8}"/>
    <object class="MixerBusFader" id="{4f6b1b35-9f35-4d6e-86d6-9503b856a1bf}"/>
    <object class="MixerBusFader" id="{66e9b24e-df2b-4d53-bc5c-d928c2fb6a3b}"/>
</objects>
