<?xml version="1.0" encoding="UTF-8"?>
<objects serializationModel="Studio.01.10.00">
    <object class="Event" id="{f4119edd-3781-4bc3-bb3b-88bb0a3e5e2a}">
        <relationship name="uiLastParameterSelection">
            <destination>{cc770bc7-c032-46ca-92b6-ded02c440679}</destination>
        </relationship>
    </object>
    <object class="MasterTrack" id="{21dc6a20-f8f5-4891-bb98-3a71b30ccb00}"/>
    <object class="MixerInput" id="{9401c0a7-04d8-4f83-99a3-abffe37c2e51}"/>
    <object class="EventAutomatableProperties" id="{87ae527a-d838-4651-a59c-ff6cc26ba7ff}"/>
    <object class="MarkerTrack" id="{b2c5ada2-c343-4ec5-948d-07a73e7d3655}"/>
    <object class="GroupTrack" id="{0867887e-e15b-4718-bdb1-e4a018d89496}"/>
    <object class="Timeline" id="{cc770bc7-c032-46ca-92b6-ded02c440679}">
        <property name="uiLastRulerScaleRatio">
            <value>0.005957575813365491</value>
        </property>
    </object>
    <object class="EventMixerMaster" id="{0e902288-08a5-4f4e-b9c5-7d78840487ee}">
        <relationship name="input">
            <destination>{cc8c5b1f-5b12-4652-bdec-e8cb01ed3116}</destination>
        </relationship>
    </object>
    <object class="MixerBusEffectChain" id="{3e56094a-dc33-4b10-a6f2-db8b6e5c9adb}"/>
    <object class="MixerBusPanner" id="{d1641108-35e0-475a-9953-e216880cc3ad}"/>
    <object class="SingleSound" id="{91227bd0-c4ae-48d5-b9bd-2d5b0b02bad8}"/>
    <object class="EventMixerGroup" id="{cc8c5b1f-5b12-4652-bdec-e8cb01ed3116}"/>
    <object class="MixerBusEffectChain" id="{c796e343-5b59-4c47-9ed4-a11ea969265e}"/>
    <object class="MixerBusPanner" id="{765eba66-9bff-4a8b-a0db-a3bbe5decd77}"/>
    <object class="MixerBusFader" id="{99b8ced3-f610-4990-95df-4a77fc3d9351}"/>
    <object class="MixerBusEffectChain" id="{529b9043-2d0d-46fb-bf30-94f712889b6f}"/>
    <object class="MixerBusPanner" id="{de932b79-4aac-4b45-a459-79d9b88cf334}"/>
    <object class="MixerBusFader" id="{69ca604b-15fd-4c2b-885b-e53d9695d6e6}"/>
    <object class="MixerBusFader" id="{b988d0d0-6a3d-4f1e-b265-9c607935c752}"/>
</objects>
