<?xml version="1.0" encoding="UTF-8"?>
<objects serializationModel="Studio.01.10.00">
    <object class="Workspace" id="{dc16c83a-677f-4a42-8deb-97a47b36c1d1}">
        <relationship name="projectSettings">
            <destination>{71ca7aa0-b33c-470a-adc6-fe665990182d}</destination>
        </relationship>
        <relationship name="changelist">
            <destination>{afb3b0f9-6354-454f-b1aa-31d964510d6f}</destination>
        </relationship>
        <relationship name="profilerSessionFolder">
            <destination>{f598134a-f767-47ed-8997-71b0b68c6ca9}</destination>
        </relationship>
    </object>
    <object class="ProjectSettings" id="{71ca7aa0-b33c-470a-adc6-fe665990182d}">
        <relationship name="activePlatform">
            <destination>{f1ef6882-f888-4087-99c0-af1b98657da4}</destination>
        </relationship>
    </object>
    <object class="WorkspaceChangelist" id="{afb3b0f9-6354-454f-b1aa-31d964510d6f}"/>
</objects>
